"session_id","participant_id","session_status","sequence","timestamp","elapsed_ms","trial_index","stimulus_id","event","details_json"
"9b1bc9c9-2770-4ee5-93e4-9a586a33bb7e","测试 P001","completed","1","2026-10-06T01:49:14.539Z","0","","","session_start","{""selectedOrder"":[""image-IMG_20260919_214555"",""image-IMG_20260919_214556"",""image-IMG_20260919_200116"",""video-VID_20260919_205030"",""video-VID_20260919_212324""]}"
"9b1bc9c9-2770-4ee5-93e4-9a586a33bb7e","测试 P001","completed","2","2026-10-06T01:49:14.539Z","1","1","image-IMG_20260919_214555","stimulus_load_start","{""restored"":false,""url"":""media/IMG_20260919_214555.jpg""}"
"9b1bc9c9-2770-4ee5-93e4-9a586a33bb7e","测试 P001","completed","3","2026-10-06T01:49:15.540Z","1001","1","image-IMG_20260919_214555","stimulus_shown","{""width"":1920,""height"":1080}"
"9b1bc9c9-2770-4ee5-93e4-9a586a33bb7e","测试 P001","completed","4","2026-10-06T01:49:16.528Z","1989","1","image-IMG_20260919_214555","page_hide","{""active"":true}"
"9b1bc9c9-2770-4ee5-93e4-9a586a33bb7e","测试 P001","completed","5","2026-10-06T01:49:16.985Z","2446","","","session_recovered","{""lastCheckpointAt"":""2026-10-06T01:49:16.528Z"",""unobservedGapMs"":457}"
"9b1bc9c9-2770-4ee5-93e4-9a586a33bb7e","测试 P001","completed","6","2026-10-06T01:49:17.071Z","2533","1","image-IMG_20260919_214555","session_resume","{""position"":0}"
"9b1bc9c9-2770-4ee5-93e4-9a586a33bb7e","测试 P001","completed","7","2026-10-06T01:49:17.072Z","2533","1","image-IMG_20260919_214555","stimulus_load_start","{""restored"":true,""url"":""media/IMG_20260919_214555.jpg""}"
"9b1bc9c9-2770-4ee5-93e4-9a586a33bb7e","测试 P001","completed","8","2026-10-06T01:49:17.073Z","2535","1","image-IMG_20260919_214555","stimulus_shown","{""width"":1920,""height"":1080}"
"9b1bc9c9-2770-4ee5-93e4-9a586a33bb7e","测试 P001","completed","9","2026-10-06T01:49:17.571Z","3033","1","image-IMG_20260919_214555","click","{""target"":""next"",""x"":1191,""y"":853}"
"9b1bc9c9-2770-4ee5-93e4-9a586a33bb7e","测试 P001","completed","10","2026-10-06T01:49:17.572Z","3033","1","image-IMG_20260919_214555","stimulus_leave","{""reason"":""next"",""position"":0}"
"9b1bc9c9-2770-4ee5-93e4-9a586a33bb7e","测试 P001","completed","11","2026-10-06T01:49:17.572Z","3033","2","image-IMG_20260919_214556","stimulus_load_start","{""restored"":false,""url"":""media/IMG_20260919_214556.jpg""}"
"9b1bc9c9-2770-4ee5-93e4-9a586a33bb7e","测试 P001","completed","12","2026-10-06T01:49:17.573Z","3034","2","image-IMG_20260919_214556","stimulus_shown","{""width"":1920,""height"":1080}"
"9b1bc9c9-2770-4ee5-93e4-9a586a33bb7e","测试 P001","completed","13","2026-10-06T01:49:18.070Z","3532","2","image-IMG_20260919_214556","click","{""target"":""next"",""x"":1191,""y"":853}"
"9b1bc9c9-2770-4ee5-93e4-9a586a33bb7e","测试 P001","completed","14","2026-10-06T01:49:18.071Z","3532","2","image-IMG_20260919_214556","stimulus_leave","{""reason"":""next"",""position"":0}"
"9b1bc9c9-2770-4ee5-93e4-9a586a33bb7e","测试 P001","completed","15","2026-10-06T01:49:18.071Z","3532","3","image-IMG_20260919_200116","stimulus_load_start","{""restored"":false,""url"":""media/IMG_20260919_200116.jpg""}"
"9b1bc9c9-2770-4ee5-93e4-9a586a33bb7e","测试 P001","completed","16","2026-10-06T01:49:18.454Z","3915","3","image-IMG_20260919_200116","stimulus_shown","{""width"":4096,""height"":3072}"
"9b1bc9c9-2770-4ee5-93e4-9a586a33bb7e","测试 P001","completed","17","2026-10-06T01:49:18.954Z","4415","3","image-IMG_20260919_200116","click","{""target"":""next"",""x"":1191,""y"":853}"
"9b1bc9c9-2770-4ee5-93e4-9a586a33bb7e","测试 P001","completed","18","2026-10-06T01:49:18.954Z","4415","3","image-IMG_20260919_200116","stimulus_leave","{""reason"":""next"",""position"":0}"
"9b1bc9c9-2770-4ee5-93e4-9a586a33bb7e","测试 P001","completed","19","2026-10-06T01:49:18.954Z","4416","4","video-VID_20260919_205030","stimulus_load_start","{""restored"":false,""url"":""stream/video-VID_20260919_205030-0ef6c299c0e9.mp4""}"
"9b1bc9c9-2770-4ee5-93e4-9a586a33bb7e","测试 P001","completed","20","2026-10-06T01:49:20.394Z","5855","4","video-VID_20260919_205030","video_metadata","{""duration"":229.312211,""width"":1920,""height"":1080}"
"9b1bc9c9-2770-4ee5-93e4-9a586a33bb7e","测试 P001","completed","21","2026-10-06T01:49:20.515Z","5976","4","video-VID_20260919_205030","stimulus_shown","{""width"":1920,""height"":1080}"
"9b1bc9c9-2770-4ee5-93e4-9a586a33bb7e","测试 P001","completed","22","2026-10-06T01:49:20.515Z","5976","4","video-VID_20260919_205030","video_canplay","{""position"":0,""duration"":229.312211,""volume"":1,""muted"":false,""playbackRate"":1}"
"9b1bc9c9-2770-4ee5-93e4-9a586a33bb7e","测试 P001","completed","23","2026-10-06T01:49:20.535Z","5996","4","video-VID_20260919_205030","viewport_resize","{""width"":1440,""height"":1000}"
"9b1bc9c9-2770-4ee5-93e4-9a586a33bb7e","测试 P001","completed","24","2026-10-06T01:49:20.779Z","6241","4","video-VID_20260919_205030","video_play","{""position"":0,""duration"":229.312211,""volume"":1,""muted"":false,""playbackRate"":1}"
"9b1bc9c9-2770-4ee5-93e4-9a586a33bb7e","测试 P001","completed","25","2026-10-06T01:49:20.780Z","6241","4","video-VID_20260919_205030","video_playing","{""position"":0,""duration"":229.312211,""volume"":1,""muted"":false,""playbackRate"":1}"
"9b1bc9c9-2770-4ee5-93e4-9a586a33bb7e","测试 P001","completed","26","2026-10-06T01:49:20.852Z","6314","4","video-VID_20260919_205030","video_progress","{""position"":0.015456,""paused"":false,""seeking"":false,""readyState"":4}"
"9b1bc9c9-2770-4ee5-93e4-9a586a33bb7e","测试 P001","completed","27","2026-10-06T01:49:21.852Z","7313","4","video-VID_20260919_205030","video_progress","{""position"":1.014832,""paused"":false,""seeking"":false,""readyState"":4}"
"9b1bc9c9-2770-4ee5-93e4-9a586a33bb7e","测试 P001","completed","28","2026-10-06T01:49:22.859Z","8321","4","video-VID_20260919_205030","video_progress","{""position"":2.022579,""paused"":false,""seeking"":false,""readyState"":4}"
"9b1bc9c9-2770-4ee5-93e4-9a586a33bb7e","测试 P001","completed","29","2026-10-06T01:49:23.003Z","8464","4","video-VID_20260919_205030","video_pause","{""position"":5,""duration"":229.312211,""volume"":0.5,""muted"":false,""playbackRate"":1.25}"
"9b1bc9c9-2770-4ee5-93e4-9a586a33bb7e","测试 P001","completed","30","2026-10-06T01:49:23.003Z","8465","4","video-VID_20260919_205030","video_seeking","{""position"":5,""duration"":229.312211,""volume"":0.5,""muted"":false,""playbackRate"":1.25}"
"9b1bc9c9-2770-4ee5-93e4-9a586a33bb7e","测试 P001","completed","31","2026-10-06T01:49:23.003Z","8465","4","video-VID_20260919_205030","video_volumechange","{""position"":5,""duration"":229.312211,""volume"":0.5,""muted"":false,""playbackRate"":1.25}"
"9b1bc9c9-2770-4ee5-93e4-9a586a33bb7e","测试 P001","completed","32","2026-10-06T01:49:23.004Z","8465","4","video-VID_20260919_205030","video_ratechange","{""position"":5,""duration"":229.312211,""volume"":0.5,""muted"":false,""playbackRate"":1.25}"
"9b1bc9c9-2770-4ee5-93e4-9a586a33bb7e","测试 P001","completed","33","2026-10-06T01:49:23.387Z","8848","4","video-VID_20260919_205030","video_seeked","{""position"":5,""duration"":229.312211,""volume"":0.5,""muted"":false,""playbackRate"":1.25}"
"9b1bc9c9-2770-4ee5-93e4-9a586a33bb7e","测试 P001","completed","34","2026-10-06T01:49:23.388Z","8850","4","video-VID_20260919_205030","video_canplay","{""position"":5,""duration"":229.312211,""volume"":0.5,""muted"":false,""playbackRate"":1.25}"
"9b1bc9c9-2770-4ee5-93e4-9a586a33bb7e","测试 P001","completed","35","2026-10-06T01:49:23.946Z","9407","4","video-VID_20260919_205030","page_hide","{""active"":true}"
"9b1bc9c9-2770-4ee5-93e4-9a586a33bb7e","测试 P001","completed","36","2026-10-06T01:49:24.384Z","9846","","","session_recovered","{""lastCheckpointAt"":""2026-10-06T01:49:23.946Z"",""unobservedGapMs"":438}"
"9b1bc9c9-2770-4ee5-93e4-9a586a33bb7e","测试 P001","completed","37","2026-10-06T01:49:24.454Z","9917","4","video-VID_20260919_205030","session_resume","{""position"":5}"
"9b1bc9c9-2770-4ee5-93e4-9a586a33bb7e","测试 P001","completed","38","2026-10-06T01:49:24.455Z","9917","4","video-VID_20260919_205030","stimulus_load_start","{""restored"":true,""url"":""stream/video-VID_20260919_205030-0ef6c299c0e9.mp4""}"
"9b1bc9c9-2770-4ee5-93e4-9a586a33bb7e","测试 P001","completed","39","2026-10-06T01:49:24.476Z","9938","4","video-VID_20260919_205030","video_metadata","{""duration"":229.312211,""width"":1920,""height"":1080}"
"9b1bc9c9-2770-4ee5-93e4-9a586a33bb7e","测试 P001","completed","40","2026-10-06T01:49:24.477Z","9939","4","video-VID_20260919_205030","video_seeking","{""position"":5,""duration"":229.312211,""volume"":1,""muted"":false,""playbackRate"":1}"
"9b1bc9c9-2770-4ee5-93e4-9a586a33bb7e","测试 P001","completed","41","2026-10-06T01:49:24.887Z","10349","4","video-VID_20260919_205030","video_seeked","{""position"":5,""duration"":229.312211,""volume"":1,""muted"":false,""playbackRate"":1}"
"9b1bc9c9-2770-4ee5-93e4-9a586a33bb7e","测试 P001","completed","42","2026-10-06T01:49:24.888Z","10350","4","video-VID_20260919_205030","stimulus_shown","{""width"":1920,""height"":1080}"
"9b1bc9c9-2770-4ee5-93e4-9a586a33bb7e","测试 P001","completed","43","2026-10-06T01:49:24.888Z","10350","4","video-VID_20260919_205030","video_canplay","{""position"":5,""duration"":229.312211,""volume"":1,""muted"":false,""playbackRate"":1}"
"9b1bc9c9-2770-4ee5-93e4-9a586a33bb7e","测试 P001","completed","44","2026-10-06T01:49:24.970Z","10433","4","video-VID_20260919_205030","click","{""target"":""next"",""x"":1191,""y"":853}"
"9b1bc9c9-2770-4ee5-93e4-9a586a33bb7e","测试 P001","completed","45","2026-10-06T01:49:24.971Z","10433","4","video-VID_20260919_205030","stimulus_leave","{""reason"":""next"",""position"":5}"
"9b1bc9c9-2770-4ee5-93e4-9a586a33bb7e","测试 P001","completed","46","2026-10-06T01:49:24.972Z","10434","5","video-VID_20260919_212324","stimulus_load_start","{""restored"":false,""url"":""stream/video-VID_20260919_212324-393d69018135.mp4""}"
"9b1bc9c9-2770-4ee5-93e4-9a586a33bb7e","测试 P001","completed","47","2026-10-06T01:49:25.707Z","11169","5","video-VID_20260919_212324","video_metadata","{""duration"":202.274656,""width"":1920,""height"":1080}"
"9b1bc9c9-2770-4ee5-93e4-9a586a33bb7e","测试 P001","completed","48","2026-10-06T01:49:25.762Z","11224","5","video-VID_20260919_212324","stimulus_shown","{""width"":1920,""height"":1080}"
"9b1bc9c9-2770-4ee5-93e4-9a586a33bb7e","测试 P001","completed","49","2026-10-06T01:49:25.762Z","11224","5","video-VID_20260919_212324","video_canplay","{""position"":0,""duration"":202.274656,""volume"":1,""muted"":false,""playbackRate"":1}"
"9b1bc9c9-2770-4ee5-93e4-9a586a33bb7e","测试 P001","completed","50","2026-10-06T01:49:26.206Z","11668","5","video-VID_20260919_212324","click","{""target"":""next"",""x"":1183,""y"":853}"
"9b1bc9c9-2770-4ee5-93e4-9a586a33bb7e","测试 P001","completed","51","2026-10-06T01:49:26.206Z","11669","5","video-VID_20260919_212324","stimulus_leave","{""reason"":""next"",""position"":0}"
"9b1bc9c9-2770-4ee5-93e4-9a586a33bb7e","测试 P001","completed","52","2026-10-06T01:49:26.207Z","11669","","","session_end","{""status"":""completed""}"
"9b1bc9c9-2770-4ee5-93e4-9a586a33bb7e","测试 P001","completed","53","2026-10-06T01:49:26.271Z","11733","","","download_requested","{""format"":""json""}"
"9b1bc9c9-2770-4ee5-93e4-9a586a33bb7e","测试 P001","completed","54","2026-10-06T01:49:26.687Z","12149","","","download_requested","{""format"":""events""}"